<?xml version="1.0" encoding="UTF-8"?>
<metadata xml:lang="ko"><Esri><CreaDate>20250605</CreaDate><CreaTime>13205400</CreaTime><ArcGISFormat>1.0</ArcGISFormat><SyncOnce>TRUE</SyncOnce><DataProperties><lineage><Process ToolSource="c:\program files (x86)\arcgis\desktop10.1\ArcToolbox\Toolboxes\Data Management Tools.tbx\CalculateField" Date="20250605" Time="132054">CalculateField MD_IP_Layer_0 riv "5,10000,0" VB #</Process><Process ToolSource="c:\program files (x86)\arcgis\desktop10.1\ArcToolbox\Toolboxes\Data Management Tools.tbx\CalculateField" Date="20250612" Time="174827">CalculateField MD_IP_Layer_0 chd 5 VB #</Process></lineage></DataProperties></Esri></metadata>
